<application>
  <component name="FileTypeManager" version="17">
    <ignoreFiles list="*.hprof;*.orig;*.pyc;*.pyo;*.rbc;*.yarb;*~;.DS_Store;.hg;.svn;CVS;__pycache__;_svn;vssver.scc;vssver2.scc;" />
    <extensionMap>
      <mapping pattern="pre-commit" type="Bash" />
      <mapping pattern="waf" type="Bash" />
      <mapping ext="pde" type="ObjectiveC" />
      <mapping pattern=".dockerignore" type="PLAIN_TEXT" />
      <mapping pattern=".vulcan_lock" type="PLAIN_TEXT" />
      <mapping pattern="afsd" type="PLAIN_TEXT" />
      <mapping pattern=".Dockerignore" type="PLAIN_TEXT" />
      <mapping pattern=".osx.project" type="PLAIN_TEXT" />
      <mapping ext="der" type="PLAIN_TEXT" />
      <mapping ext="info" type="PLAIN_TEXT" />
      <mapping ext="x-sonos" type="PLAIN_TEXT" />
      <mapping ext="x-powerpc" type="PLAIN_TEXT" />
      <mapping ext="svd" type="PLAIN_TEXT" />
      <mapping ext="pem" type="PLAIN_TEXT" />
      <mapping ext="c_save" type="PLAIN_TEXT" />
      <removed_mapping ext="cmd" approved="true" type="PLAIN_TEXT" />
      <removed_mapping ext="bat" approved="true" type="PLAIN_TEXT" />
      <removed_mapping ext="log" approved="true" type="PLAIN_TEXT" />
      <removed_mapping pattern="sonos-armv8a-ca53.cmake" approved="true" type="PLAIN_TEXT" />
      <removed_mapping ext="bat" approved="true" type="PLAIN_TEXT" />
      <removed_mapping ext="log" approved="true" type="PLAIN_TEXT" />
      <removed_mapping ext="dockerfile" approved="true" type="textmate" />
      <removed_mapping ext="makefile" approved="true" type="textmate" />
      <removed_mapping ext="conf" approved="true" type="PLAIN_TEXT" />
      <removed_mapping ext="cmd" approved="true" type="PLAIN_TEXT" />
      <removed_mapping ext="pl" approved="true" type="textmate" />
      <removed_mapping ext="snakefile" approved="true" type="textmate" />
      <mapping pattern="Dockerfile.*" type="Dockerfile" />
      <mapping pattern="Dockerfile_linux-x86_64" type="Dockerfile" />
    </extensionMap>
  </component>
</application>