<application>
  <component name="FindSettings">
    <option name="caseSensitive" value="true" />
    <option name="customScope" value="All Places" />
    <option name="defaultScopeName" value="All Places" />
    <option name="localCaseSensitive" value="true" />
    <option name="CASE_SENSITIVE_SEARCH" value="true" />
    <option name="LOCAL_CASE_SENSITIVE_SEARCH" value="true" />
    <option name="SEARCH_SCOPE" value="All Places" />
    <option name="FILE_MASK" value="!*.lst, !*.map, !*.csv, !*.uvprojx, !*.js, !*.info" />
    <mask>*.properties</mask>
    <mask>*.html</mask>
    <mask>*.jsp</mask>
    <mask>*.xml</mask>
    <mask>*.java</mask>
    <mask>*.js</mask>
    <mask>*.as</mask>
    <mask>*.css</mask>
    <mask>*.mxml</mask>
    <mask>!*.lst</mask>
    <mask>!*.lst, !*.map</mask>
    <mask>!*.lst, !*.map, !*.csv</mask>
    <mask>!*.lst, !*.map, !*.csv, !*.uvprojx</mask>
    <mask>!*.lst, !*.map, !*.csv, !*.uvprojx, !*.js</mask>
    <mask>!*.lst, !*.map, !*.csv, !*.uvprojx, !*.js, !*.info, !*.includecache</mask>
    <mask>!*.lst, !*.map, !*.csv, !*.uvprojx, !*.js, !*.info, !*.includecache, !*.make</mask>
    <mask>!*.lst, !*.map, !*.csv, !*.uvprojx, !*.js, !*.info</mask>
  </component>
</application>