<application>
  <component name="ProjectJdkTable">
    <jdk version="2">
      <name value="Python 3.7" />
      <type value="Python SDK" />
      <version value="Python 3.7.4" />
      <homePath value="/usr/local/bin/python3.7" />
      <roots>
        <classPath>
          <root type="composite">
            <root url="file:///usr/local/Cellar/python/3.7.4/Frameworks/Python.framework/Versions/3.7/lib/python3.7" type="simple" />
            <root url="file:///usr/local/Cellar/python/3.7.4/Frameworks/Python.framework/Versions/3.7/lib/python3.7/lib-dynload" type="simple" />
            <root url="file://$USER_HOME$/Library/Python/3.7/lib/python/site-packages" type="simple" />
            <root url="file:///usr/local/lib/python3.7/site-packages" type="simple" />
            <root url="file:///usr/local/lib/python3.7/site-packages/requests_futures-0.9.7-py3.7.egg" type="simple" />
            <root url="file:///usr/local/lib/python3.7/site-packages/requests-2.20.0-py3.7.egg" type="simple" />
            <root url="file:///usr/local/lib/python3.7/site-packages/PySoundFile-0.9.0.post1-py3.7-macosx-10.13-x86_64.egg" type="simple" />
            <root url="file:///usr/local/lib/python3.7/site-packages/sounddevice-0.3.12-py3.7.egg" type="simple" />
            <root url="file:///usr/local/lib/python3.7/site-packages/urllib3-1.24-py3.7.egg" type="simple" />
            <root url="file:///usr/local/lib/python3.7/site-packages/idna-2.7-py3.7.egg" type="simple" />
            <root url="file:///usr/local/lib/python3.7/site-packages/chardet-3.0.4-py3.7.egg" type="simple" />
            <root url="file:///usr/local/lib/python3.7/site-packages/cffi-1.11.5-py3.7-macosx-10.13-x86_64.egg" type="simple" />
            <root url="file:///usr/local/lib/python3.7/site-packages/pycparser-2.19-py3.7.egg" type="simple" />
            <root url="file://$USER_HOME$/Library/Caches/CLion2019.3/python_stubs/-1199943126" type="simple" />
            <root url="file://$APPLICATION_HOME_DIR$/plugins/python-ce/helpers/python-skeletons" type="simple" />
            <root url="file://$APPLICATION_HOME_DIR$/plugins/python-ce/helpers/typeshed/stdlib/3" type="simple" />
            <root url="file://$APPLICATION_HOME_DIR$/plugins/python-ce/helpers/typeshed/stdlib/2and3" type="simple" />
            <root url="file://$APPLICATION_HOME_DIR$/plugins/python-ce/helpers/typeshed/third_party/3" type="simple" />
            <root url="file://$APPLICATION_HOME_DIR$/plugins/python-ce/helpers/typeshed/third_party/2and3" type="simple" />
          </root>
        </classPath>
        <sourcePath>
          <root type="composite" />
        </sourcePath>
      </roots>
      <additional />
    </jdk>
  </component>
</application>