<application>
  <component name="RemoteServers">
    <remote-server name="Docker" type="docker">
      <configuration>
        <option name="apiUrl" value="https://192.168.99.100:2376" />
        <option name="certificatesPath" value="$USER_HOME$/.docker/machine/machines/dev" />
        <option name="machine" value="dev" />
        <option name="pathMappings">
          <list>
            <DockerPathMappingImpl>
              <option name="localPath" value="$USER_HOME$/chirp/chirp-c-sdk-core" />
              <option name="virtualMachinePath" value="/code" />
            </DockerPathMappingImpl>
          </list>
        </option>
      </configuration>
    </remote-server>
  </component>
</application>